{"cameraMode":{"drawMode":0,"name":"Shaded","section":"Shading Mode"},"sceneLighting":true,"audioPlay":false,"sceneViewState":{"showFog":true,"showMaterialUpdate":true,"showSkybox":true,"showFlares":true,"showImageEffects":true,"showParticleSystems":true},"in2DMode":false,"pivot":{"x":0.3502533435821533,"y":1.4716813564300538,"z":6.056402206420898},"rotation":{"x":0.05452713742852211,"y":-0.0452239066362381,"z":0.0024676222819834949,"w":0.9974947571754456},"size":10.0,"orthographic":false}